customer_ID,Email,account_Type,Name,f_Name,L_Name,Address,Province,City,street_Address
B29GH5P3,mwilliams@example.org,Premium,Lisa Rodriguez,Lisa,Rodriguez,"163 Smith Forges Apt. 852, Toronto, AB",AB,Toronto,163 Smith Forges Apt. 852
Z6QB62P2,shelbyevans@example.net,Standard,Rita Chan,Rita,Chan,"2927 Alan Ranch, Ottawa, NT",NT,Ottawa,2927 Alan Ranch
UT98F12E,veronica57@example.org,Premium,Jeremy Garcia,Jeremy,Garcia,"6430 Kayla Loaf, Windsor, AB",AB,Windsor,6430 Kayla Loaf
0LW736LP,joseph40@example.com,Standard,Jessica Sawyer,Jessica,Sawyer,"87137 Smith Forks, Fredericton, YT",YT,Fredericton,87137 Smith Forks
R1GGJ900,vtyler@example.net,Standard,Christopher Tate,Christopher,Tate,"728 Obrien Oval, Winnipeg, ON",ON,Winnipeg,728 Obrien Oval
8P9BCQ11,ychavez@example.org,Standard,Adam Hoffman,Adam,Hoffman,"5379 Woods Fields Suite 964, Halifax, NU",NU,Halifax,5379 Woods Fields Suite 964
17NCI54Z,allencrystal@example.com,Standard,Hunter Williams,Hunter,Williams,"09996 Janice Ramp, Ottawa, NU",NU,Ottawa,09996 Janice Ramp
428N6ZHF,alvaradomelissa@example.com,Standard,Gregory Smith,Gregory,Smith,"991 Sanders Views Suite 396, Kitchener, MB",MB,Kitchener,991 Sanders Views Suite 396
P697UL7F,jennifer94@example.org,Premium,Anthony Morse,Anthony,Morse,"8827 Hale Vista Apt. 637, Toronto, NB",NB,Toronto,8827 Hale Vista Apt. 637
02ZP21HW,paulagomez@example.org,Premium,Madison Brown,Madison,Brown,"04082 Coleman Plain Apt. 075, Toronto, AB",AB,Toronto,04082 Coleman Plain Apt. 075
1LX30XB9,mariajohnson@example.org,Premium,Kara Jones,Kara,Jones,"305 Cole Burgs, St. John's, NS",NS,St. John's,305 Cole Burgs
O2LXT536,youngjames@example.com,Standard,Ann Morrison,Ann,Morrison,"95342 Moore Curve, Sudbury, PE",PE,Sudbury,95342 Moore Curve
5OSBL267,allison64@example.org,Premium,Ashley Clayton,Ashley,Clayton,"5336 Robert Drive, London, NU",NU,London,5336 Robert Drive
1Z4O4NA3,janetford@example.com,Premium,Anthony Jones,Anthony,Jones,"3679 Knight Mill, Fredericton, QC",QC,Fredericton,3679 Knight Mill
FSB68C84,hallmark@example.net,Premium,Chris Schneider,Chris,Schneider,"881 Vasquez Shores, Montreal, NU",NU,Montreal,881 Vasquez Shores
69GK14MH,riverajoy@example.org,Premium,Susan Morales,Susan,Morales,"7108 Schaefer Courts Suite 977, Sudbury, AB",AB,Sudbury,7108 Schaefer Courts Suite 977
0797UHDJ,thomasmcfarland@example.net,Standard,Raymond Jimenez,Raymond,Jimenez,"557 Craig Manors Suite 419, Nanaimo, AB",AB,Nanaimo,557 Craig Manors Suite 419
W6XIP994,wbarton@example.org,Standard,Lisa Jennings,Lisa,Jennings,"3801 Smith Greens Suite 490, Winnipeg, NB",NB,Winnipeg,3801 Smith Greens Suite 490
AYN0813A,hawkinsjessica@example.net,Premium,Sean Evans,Sean,Evans,"87717 Branch Tunnel Apt. 192, St. John's, NB",NB,St. John's,87717 Branch Tunnel Apt. 192
X30P4GS9,mjones@example.org,Standard,Amber Lopez,Amber,Lopez,"265 Gillespie Rue Apt. 784, Kelowna, YT",YT,Kelowna,265 Gillespie Rue Apt. 784
64W0FXB4,iwilliams@example.com,Premium,John Smith,John,Smith,"779 Moore Ranch Apt. 993, Regina, BC",BC,Regina,779 Moore Ranch Apt. 993
5T702WUQ,efoster@example.org,Standard,Michael Moore,Michael,Moore,"385 Meredith Meadows Suite 882, St. John's, PE",PE,St. John's,385 Meredith Meadows Suite 882
3F8D7S0Y,judyjohnston@example.net,Premium,Brandon Pitts,Brandon,Pitts,"557 Lloyd Bypass, London, NB",NB,London,557 Lloyd Bypass
28HH3CR3,lcooke@example.org,Premium,Holly Jackson,Holly,Jackson,"72039 Sutton Ferry, Calgary, NS",NS,Calgary,72039 Sutton Ferry
L3W85PR7,traciewillis@example.net,Standard,Tammy Costa,Tammy,Costa,"280 Quinn Cove, Nanaimo, QC",QC,Nanaimo,280 Quinn Cove
AB48N93W,carol26@example.org,Standard,Alice Myers,Alice,Myers,"8779 Hull Island, St. John's, AB",AB,St. John's,8779 Hull Island
1K6G03KS,rwilliams@example.org,Standard,Joshua Davenport,Joshua,Davenport,"14224 Taylor Freeway Suite 396, Iqaluit, ON",ON,Iqaluit,14224 Taylor Freeway Suite 396
97H15MVT,suzanne25@example.net,Premium,Michael Bright,Michael,Bright,"0140 Smith Walk, Winnipeg, ON",ON,Winnipeg,0140 Smith Walk
P2RU1Y50,patriciadickerson@example.net,Premium,Alexandra Estrada,Alexandra,Estrada,"815 Richard Avenue, Winnipeg, YT",YT,Winnipeg,815 Richard Avenue
4IC51T1X,howardadam@example.net,Premium,Megan Murphy,Megan,Murphy,"141 Tyler Pass Suite 307, Thunder Bay, QC",QC,Thunder Bay,141 Tyler Pass Suite 307
17AT3X8J,zhangchris@example.net,Premium,Haley Bernard,Haley,Bernard,"0532 Davis Inlet Apt. 949, Yellowknife, YT",YT,Yellowknife,0532 Davis Inlet Apt. 949
VE41J53S,samantha35@example.com,Premium,Travis Johnson,Travis,Johnson,"4065 Wendy Locks Suite 514, Oshawa, NL",NL,Oshawa,4065 Wendy Locks Suite 514
U26JB5W5,lorifleming@example.com,Standard,Karl Moore,Karl,Moore,"63878 Lopez Freeway Suite 358, Montreal, YT",YT,Montreal,63878 Lopez Freeway Suite 358
WB86O67O,terrybrian@example.net,Standard,Theresa Williams,Theresa,Williams,"517 Veronica Forges Apt. 460, Edmonton, SK",SK,Edmonton,517 Veronica Forges Apt. 460
X38J03HK,jmacias@example.net,Premium,Jennifer Fernandez,Jennifer,Fernandez,"6771 Daniel Station Suite 854, Thunder Bay, AB",AB,Thunder Bay,6771 Daniel Station Suite 854
0S7GKO94,barnesbob@example.net,Standard,Zachary Coffey,Zachary,Coffey,"1000 Howard Trail Suite 113, St. John's, PE",PE,St. John's,1000 Howard Trail Suite 113
9BU39YH6,dannycontreras@example.net,Premium,Jason Owens,Jason,Owens,"549 Paul Garden Apt. 517, Oshawa, NU",NU,Oshawa,549 Paul Garden Apt. 517
FH5S073I,noblesusan@example.com,Premium,Lauren Rosario,Lauren,Rosario,"762 Nicole Fords Apt. 027, Saskatoon, NU",NU,Saskatoon,762 Nicole Fords Apt. 027
J70O3J8T,ruizdonna@example.org,Premium,Angela Berg,Angela,Berg,"580 Wendy Ways Suite 349, Abbotsford, NT",NT,Abbotsford,580 Wendy Ways Suite 349
L394RYY1,jessica17@example.com,Standard,William Jefferson,William,Jefferson,"31860 Brianna Circle Suite 213, Iqaluit, NU",NU,Iqaluit,31860 Brianna Circle Suite 213
51V1YY7U,tgray@example.org,Standard,Natasha Guerra,Natasha,Guerra,"7400 Elizabeth Inlet, Abbotsford, YT",YT,Abbotsford,7400 Elizabeth Inlet
18PE3P2C,hayeseddie@example.org,Premium,Jeffrey Wagner,Jeffrey,Wagner,"568 Hall Coves, Vancouver, NB",NB,Vancouver,568 Hall Coves
H759T2VX,danieljohnson@example.com,Premium,Matthew Lutz,Matthew,Lutz,"649 Chavez Bridge, Saskatoon, AB",AB,Saskatoon,649 Chavez Bridge
NMR469U0,matthew83@example.com,Standard,Cynthia Jones,Cynthia,Jones,"0260 Jesus Rest Apt. 389, Yellowknife, AB",AB,Yellowknife,0260 Jesus Rest Apt. 389
493XS6FW,upatton@example.org,Standard,Kenneth Ford,Kenneth,Ford,"4480 Walker Harbor Suite 770, Kingston, SK",SK,Kingston,4480 Walker Harbor Suite 770
A8P42H3R,robert62@example.net,Premium,Sydney Elliott,Sydney,Elliott,"0161 Kelly Crossing Suite 890, Montreal, NU",NU,Montreal,0161 Kelly Crossing Suite 890
7H38U8WJ,molinarachel@example.com,Standard,Jennifer Velasquez,Jennifer,Velasquez,"85890 Rebecca Plains Suite 420, Toronto, NL",NL,Toronto,85890 Rebecca Plains Suite 420
I2A7AX55,dean21@example.net,Standard,Laura Hines,Laura,Hines,"31120 Benjamin Wall, Sudbury, MB",MB,Sudbury,31120 Benjamin Wall
AS964P0F,brooke21@example.org,Premium,Morgan Clark,Morgan,Clark,"8301 Matthew Route, Fredericton, QC",QC,Fredericton,8301 Matthew Route
F457M5KF,ojackson@example.com,Premium,Bethany Benjamin,Bethany,Benjamin,"6291 Barnes Summit Suite 742, Fredericton, NT",NT,Fredericton,6291 Barnes Summit Suite 742
I325T5VC,hodgelaura@example.com,Standard,Bethany Cervantes,Bethany,Cervantes,"16896 Marcus Shoal, Oshawa, QC",QC,Oshawa,16896 Marcus Shoal
2Y64F3ZU,dberry@example.org,Premium,Joy Rogers,Joy,Rogers,"263 Terry Hill Apt. 074, Regina, MB",MB,Regina,263 Terry Hill Apt. 074
3K49IY4E,james80@example.org,Premium,Steven Adams,Steven,Adams,"128 Leon Plaza, Abbotsford, NT",NT,Abbotsford,128 Leon Plaza
PMB368B1,qdavis@example.com,Standard,Eric Butler,Eric,Butler,"6845 Montoya Meadow Apt. 727, Regina, NS",NS,Regina,6845 Montoya Meadow Apt. 727
583TKE7C,walter92@example.com,Standard,James Larson,James,Larson,"344 Kimberly Lake, Charlottetown, PE",PE,Charlottetown,344 Kimberly Lake
H022CLR0,josephvargas@example.com,Premium,Robert Campbell,Robert,Campbell,"49764 Ryan Lock Apt. 829, Kitchener, PE",PE,Kitchener,49764 Ryan Lock Apt. 829
39C6VS6M,ballsteven@example.net,Premium,Chad Anderson,Chad,Anderson,"9029 Alyssa Creek Suite 142, Windsor, NT",NT,Windsor,9029 Alyssa Creek Suite 142
9NTL71D3,usanchez@example.net,Standard,Jennifer Collins,Jennifer,Collins,"32905 Johnson Divide, Kitchener, AB",AB,Kitchener,32905 Johnson Divide
61G3TQF3,morristanya@example.org,Premium,Dennis Lee,Dennis,Lee,"681 Kristine Crossing Suite 249, Kamloops, QC",QC,Kamloops,681 Kristine Crossing Suite 249
IUC816T2,oconnorricardo@example.net,Standard,Charles Lopez,Charles,Lopez,"6427 Heather Overpass, Ottawa, ON",ON,Ottawa,6427 Heather Overpass
II28V5Y8,michellemartin@example.org,Standard,Laura Parker,Laura,Parker,"330 Hall Skyway Apt. 074, Vancouver, MB",MB,Vancouver,330 Hall Skyway Apt. 074
GD90W5Z1,mferguson@example.net,Premium,Michael Lopez,Michael,Lopez,"3007 Robles Oval Suite 374, Kingston, PE",PE,Kingston,3007 Robles Oval Suite 374
6367HBKO,camerongarcia@example.net,Premium,Larry Thomas,Larry,Thomas,"995 Medina Club, Toronto, NT",NT,Toronto,995 Medina Club
J5TO44H1,torresdavid@example.net,Premium,Aaron Allen,Aaron,Allen,"70065 Pamela Dale Suite 402, Windsor, BC",BC,Windsor,70065 Pamela Dale Suite 402
43QT09NI,angelamontgomery@example.net,Premium,John Barton,John,Barton,"252 Teresa Gardens, Nanaimo, NB",NB,Nanaimo,252 Teresa Gardens
I7467TUG,randy81@example.net,Premium,Thomas Hogan,Thomas,Hogan,"46800 Goodwin Ramp, Oshawa, NU",NU,Oshawa,46800 Goodwin Ramp
50XN7W1W,dustinshannon@example.net,Standard,Melissa Scott,Melissa,Scott,"508 Rebecca Neck Apt. 064, Yellowknife, AB",AB,Yellowknife,508 Rebecca Neck Apt. 064
6BH1NL34,robertjennings@example.com,Premium,Tina Nash,Tina,Nash,"2668 Susan Ville, Thunder Bay, QC",QC,Thunder Bay,2668 Susan Ville
DH4X22E0,nancyrogers@example.org,Standard,James Cook,James,Cook,"80168 Bush Hollow Apt. 530, Fredericton, NS",NS,Fredericton,80168 Bush Hollow Apt. 530
P76R74QY,leechristine@example.org,Premium,Christopher Solis,Christopher,Solis,"699 Gardner Street, Thunder Bay, NU",NU,Thunder Bay,699 Gardner Street
68JQ7A9E,coxcarrie@example.org,Standard,John Evans,John,Evans,"9539 Stephanie Rapids Suite 113, Kingston, NU",NU,Kingston,9539 Stephanie Rapids Suite 113
VI2Q139K,kmaldonado@example.com,Premium,Jessica Price,Jessica,Price,"12525 Christopher Club Apt. 970, Kingston, NB",NB,Kingston,12525 Christopher Club Apt. 970
8K0JET48,bblanchard@example.net,Premium,Denise Robinson,Denise,Robinson,"512 Cook Prairie Suite 602, St. John's, NS",NS,St. John's,512 Cook Prairie Suite 602
75G3J3DM,danieltaylor@example.org,Standard,William Delacruz,William,Delacruz,"07855 Stacy Tunnel Suite 347, Yellowknife, NS",NS,Yellowknife,07855 Stacy Tunnel Suite 347
JE1N451H,eric43@example.net,Premium,Corey Vasquez,Corey,Vasquez,"42629 Jose Glens, Regina, BC",BC,Regina,42629 Jose Glens
O4UM4R19,kimberlyfloyd@example.org,Standard,Thomas Mcdonald,Thomas,Mcdonald,"242 Christopher Pine, Charlottetown, AB",AB,Charlottetown,242 Christopher Pine
O21FK1Y0,jacksonchristina@example.net,Premium,Joseph Bailey,Joseph,Bailey,"59216 Robert Light Apt. 591, Iqaluit, QC",QC,Iqaluit,59216 Robert Light Apt. 591
70L8SKR9,jenniferhale@example.com,Standard,David Snyder,David,Snyder,"912 Barrera Centers, Nanaimo, SK",SK,Nanaimo,912 Barrera Centers
L6Q7AA74,thomas10@example.com,Standard,Dale Davis,Dale,Davis,"201 Leslie Summit, London, NB",NB,London,201 Leslie Summit
BBBR4024,efisher@example.net,Standard,Daniel Hays,Daniel,Hays,"88390 Carl Land Suite 586, Regina, NU",NU,Regina,88390 Carl Land Suite 586
P074YF6Y,kristyterrell@example.org,Premium,Jessica Henderson,Jessica,Henderson,"41983 Little Stream, London, ON",ON,London,41983 Little Stream
88E2DP2U,randy57@example.net,Standard,Taylor Davis,Taylor,Davis,"13884 Justin Tunnel, Saskatoon, NU",NU,Saskatoon,13884 Justin Tunnel
5RT18DH6,angelanguyen@example.net,Standard,Molly Medina,Molly,Medina,"240 Bennett Street Suite 652, Thunder Bay, MB",MB,Thunder Bay,240 Bennett Street Suite 652
5L0YGV49,mcculloughkimberly@example.net,Premium,Kathleen Wilson,Kathleen,Wilson,"970 Baird Vista Apt. 076, Kelowna, NL",NL,Kelowna,970 Baird Vista Apt. 076
7Y3NQ02B,kevinfarmer@example.com,Premium,Julia Romero,Julia,Romero,"776 Katie Estates, Windsor, NU",NU,Windsor,776 Katie Estates
9W9R6A1Y,jordanangela@example.com,Premium,James Miller,James,Miller,"339 Steven Way Apt. 132, Oshawa, BC",BC,Oshawa,339 Steven Way Apt. 132
FXY6I899,kfisher@example.com,Premium,Jeffery Shields,Jeffery,Shields,"642 Mueller Park, Saskatoon, NU",NU,Saskatoon,642 Mueller Park
S53JND66,bcross@example.net,Standard,Michael Villanueva,Michael,Villanueva,"452 Christopher Square, Thunder Bay, QC",QC,Thunder Bay,452 Christopher Square
S3AL666V,ustewart@example.com,Standard,Anthony Ramirez,Anthony,Ramirez,"882 Paul Dam, Whitehorse, NT",NT,Whitehorse,882 Paul Dam
A0XO1F01,jeremy57@example.com,Standard,Thomas Nelson,Thomas,Nelson,"5844 Austin Overpass Suite 533, Thunder Bay, MB",MB,Thunder Bay,5844 Austin Overpass Suite 533
5D5VJ38I,yanderson@example.com,Premium,Benjamin Garcia,Benjamin,Garcia,"10179 Brown Manors Apt. 135, Yellowknife, MB",MB,Yellowknife,10179 Brown Manors Apt. 135
21JC0D0U,christopherbenson@example.org,Standard,Brian Mitchell,Brian,Mitchell,"11107 Mary Flat, Victoria, NB",NB,Victoria,11107 Mary Flat
E42Q05WI,trussell@example.net,Standard,Whitney Elliott,Whitney,Elliott,"08190 Glenn Dale Apt. 428, Winnipeg, NS",NS,Winnipeg,08190 Glenn Dale Apt. 428
3OJ99FC6,susanwilliams@example.net,Standard,William Jones,William,Jones,"2008 Brooke Dam Apt. 288, Vancouver, QC",QC,Vancouver,2008 Brooke Dam Apt. 288
T4794FLA,jonesgabriela@example.com,Standard,Sharon Dunn,Sharon,Dunn,"38207 Thomas Ville, Ottawa, BC",BC,Ottawa,38207 Thomas Ville
4K8UK54R,tmeyer@example.org,Premium,James Moody,James,Moody,"5510 Simpson Ranch Suite 147, Windsor, NL",NL,Windsor,5510 Simpson Ranch Suite 147
AF1698CM,gmcmahon@example.com,Premium,Stephanie Buchanan,Stephanie,Buchanan,"068 Myers Isle Suite 711, St. John's, YT",YT,St. John's,068 Myers Isle Suite 711
15DWNF94,josephshepard@example.org,Standard,Tony Davis,Tony,Davis,"3475 Jose Greens, Quebec City, NL",NL,Quebec City,3475 Jose Greens
5Q5O7Z2H,pstephenson@example.org,Premium,Breanna Jacobs,Breanna,Jacobs,"1257 Walls Cliff Suite 556, Regina, NS",NS,Regina,1257 Walls Cliff Suite 556
G951D0FC,marissa71@example.com,Standard,William Wiley,William,Wiley,"7054 Beck Rest, Halifax, ON",ON,Halifax,7054 Beck Rest
47T2LB5A,josephhunter@example.com,Premium,Tracey Mitchell,Tracey,Mitchell,"78769 Williams Circles, Windsor, QC",QC,Windsor,78769 Williams Circles
17QP9H6W,hillmorgan@example.com,Standard,William Knapp,William,Knapp,"6067 Baker Greens, Hamilton, AB",AB,Hamilton,6067 Baker Greens
83BA0I1Y,michaelmason@example.org,Standard,Adrian Martin,Adrian,Martin,"348 Daniel Manors Suite 004, Kingston, NU",NU,Kingston,348 Daniel Manors Suite 004
225AVS1J,pcastillo@example.org,Premium,Bradley Marks,Bradley,Marks,"8288 Hector Corners Apt. 753, St. John's, NB",NB,St. John's,8288 Hector Corners Apt. 753
CB1209LA,michaelyoung@example.com,Premium,Victoria Noble,Victoria,Noble,"0110 Kristina Forge, Winnipeg, NB",NB,Winnipeg,0110 Kristina Forge
4CB313DQ,payneamanda@example.org,Standard,Kristi Monroe,Kristi,Monroe,"1839 Brittany Manor Suite 521, Charlottetown, PE",PE,Charlottetown,1839 Brittany Manor Suite 521
8EI3C9Y2,jonathan73@example.org,Standard,Stephen Velasquez,Stephen,Velasquez,"7206 Mcbride Court Apt. 003, Yellowknife, MB",MB,Yellowknife,7206 Mcbride Court Apt. 003
BXA682F4,perezmichael@example.com,Premium,Peter Ramos,Peter,Ramos,"3148 Rachel Brooks Apt. 258, Edmonton, NS",NS,Edmonton,3148 Rachel Brooks Apt. 258
XAZ8X199,christopher44@example.com,Premium,Cristian Clark,Cristian,Clark,"402 Kevin Cliffs Apt. 461, Quebec City, QC",QC,Quebec City,402 Kevin Cliffs Apt. 461
KG5HJ602,fharris@example.com,Premium,Michael Bates,Michael,Bates,"17427 James Extension, Ottawa, NB",NB,Ottawa,17427 James Extension
633RST5G,farmerann@example.com,Standard,Brian Villegas,Brian,Villegas,"93504 Tina Cliff, Thunder Bay, PE",PE,Thunder Bay,93504 Tina Cliff
5V1Q1T7B,roybrian@example.net,Premium,Alyssa Goodman,Alyssa,Goodman,"31937 Bauer Stream Suite 478, Montreal, NB",NB,Montreal,31937 Bauer Stream Suite 478
FM8731YM,dennishenderson@example.net,Premium,Austin Williams,Austin,Williams,"44183 Robinson Point, Charlottetown, PE",PE,Charlottetown,44183 Robinson Point
A8T91K9C,aprilmartinez@example.org,Premium,Joseph Johnson,Joseph,Johnson,"014 Ashley Lodge Apt. 016, Yellowknife, YT",YT,Yellowknife,014 Ashley Lodge Apt. 016
3N7UP98Y,monica82@example.net,Standard,Hannah Mclean,Hannah,Mclean,"730 Graham Row, Edmonton, AB",AB,Edmonton,730 Graham Row
6V571KTC,douglas55@example.com,Premium,Ruth Rodriguez,Ruth,Rodriguez,"4986 Jeffrey Mountain, Toronto, NS",NS,Toronto,4986 Jeffrey Mountain
PAA16B38,sharrell@example.net,Premium,Suzanne Barrett,Suzanne,Barrett,"8991 Warner Centers, Kitchener, QC",QC,Kitchener,8991 Warner Centers
ZD457L2P,fmoon@example.net,Standard,Michael Mccoy,Michael,Mccoy,"0522 Jones Knolls, Thunder Bay, NB",NB,Thunder Bay,0522 Jones Knolls
FJF800W8,fmelendez@example.net,Premium,Daniel Crosby,Daniel,Crosby,"1444 Stephen Stravenue, Kitchener, QC",QC,Kitchener,1444 Stephen Stravenue
3TOX603C,jonathan95@example.net,Standard,Heather Wise,Heather,Wise,"663 Copeland Prairie, Quebec City, NB",NB,Quebec City,663 Copeland Prairie
U9PKH692,andersonamanda@example.net,Premium,Priscilla Morris,Priscilla,Morris,"93218 Tiffany Avenue, Windsor, PE",PE,Windsor,93218 Tiffany Avenue
9N79S8SS,xmason@example.org,Standard,Kayla Smith,Kayla,Smith,"3571 Howard Alley Apt. 533, Montreal, NB",NB,Montreal,3571 Howard Alley Apt. 533
2I86V7IC,jasonaustin@example.com,Premium,Melissa Cooke,Melissa,Cooke,"03668 William Walk, Nanaimo, AB",AB,Nanaimo,03668 William Walk
361VCM1N,arobinson@example.com,Premium,Haley Martinez,Haley,Martinez,"97020 Daniel Plain Suite 784, Iqaluit, PE",PE,Iqaluit,97020 Daniel Plain Suite 784
D1248NFC,carlos70@example.org,Premium,Timothy Guerrero,Timothy,Guerrero,"9688 Garrett Shoal, Quebec City, BC",BC,Quebec City,9688 Garrett Shoal
5R426YRG,bryantkristy@example.net,Standard,Sherry Perez,Sherry,Perez,"756 Hernandez Vista, Winnipeg, ON",ON,Winnipeg,756 Hernandez Vista
MKV781Z4,gillmichael@example.com,Premium,Meredith Hernandez,Meredith,Hernandez,"571 Jamie Coves Suite 282, Abbotsford, AB",AB,Abbotsford,571 Jamie Coves Suite 282
V6KL818Q,billy10@example.com,Premium,Jennifer Roberts,Jennifer,Roberts,"340 Brandon Court Apt. 747, Kelowna, PE",PE,Kelowna,340 Brandon Court Apt. 747
7J8E7LI6,joshuasilva@example.com,Standard,Ryan Taylor,Ryan,Taylor,"792 Harris Vista Suite 518, Kelowna, SK",SK,Kelowna,792 Harris Vista Suite 518
LGF4582Q,john98@example.net,Standard,Vanessa Diaz,Vanessa,Diaz,"2632 Teresa Stravenue, Charlottetown, SK",SK,Charlottetown,2632 Teresa Stravenue
EA2027UD,omason@example.org,Standard,Dakota Becker,Dakota,Becker,"9396 Amanda Centers, Iqaluit, NB",NB,Iqaluit,9396 Amanda Centers
U58L84PA,harroyo@example.org,Standard,Alexis Anderson,Alexis,Anderson,"13562 James Plains Apt. 502, Sudbury, NS",NS,Sudbury,13562 James Plains Apt. 502
8M762EJM,williamthomas@example.org,Standard,Angela Finley,Angela,Finley,"60516 Barton Groves, Halifax, NU",NU,Halifax,60516 Barton Groves
QBPG7082,devongonzalez@example.net,Premium,Colleen Alvarez,Colleen,Alvarez,"224 Anderson Ports Suite 807, Oshawa, NT",NT,Oshawa,224 Anderson Ports Suite 807
YEN0W434,danny79@example.net,Premium,Virginia Watson,Virginia,Watson,"6488 Schneider Shore Apt. 545, Vancouver, AB",AB,Vancouver,6488 Schneider Shore Apt. 545
P6YT5A15,richardchapman@example.net,Standard,Nancy Stevens,Nancy,Stevens,"8584 Christine View, Charlottetown, NB",NB,Charlottetown,8584 Christine View
7Y5AQW43,joseph16@example.com,Premium,Samuel Rogers,Samuel,Rogers,"78756 Kathleen Centers, Kitchener, SK",SK,Kitchener,78756 Kathleen Centers
3S74PA2Q,weaverbrad@example.net,Premium,Joel Howard,Joel,Howard,"6079 Edwards Trail, Abbotsford, NT",NT,Abbotsford,6079 Edwards Trail
97R6RT9P,ustrong@example.net,Standard,Adam Wright,Adam,Wright,"708 Nicholas Knoll, Windsor, QC",QC,Windsor,708 Nicholas Knoll
758LL6OC,nathan72@example.com,Premium,Deanna Fowler,Deanna,Fowler,"89003 Suzanne Plaza, Nanaimo, NT",NT,Nanaimo,89003 Suzanne Plaza
O0A1T7U0,tranjennifer@example.net,Premium,Jose Maxwell,Jose,Maxwell,"39503 Hernandez Landing, Edmonton, NL",NL,Edmonton,39503 Hernandez Landing
PW1W97Y6,robertaroberts@example.org,Standard,Kyle Smith,Kyle,Smith,"04777 White Freeway Suite 832, Halifax, SK",SK,Halifax,04777 White Freeway Suite 832
58LZ8J4N,josephbrad@example.com,Standard,David Adams,David,Adams,"54349 Dylan Valleys Apt. 780, Yellowknife, NT",NT,Yellowknife,54349 Dylan Valleys Apt. 780
R3R850FQ,orogers@example.net,Standard,Brittany Johnson,Brittany,Johnson,"9550 Sara Fall Apt. 509, Toronto, NS",NS,Toronto,9550 Sara Fall Apt. 509
WA231TU6,millerjacqueline@example.com,Standard,Carol Olson,Carol,Olson,"67571 Frank Underpass Apt. 908, Kelowna, SK",SK,Kelowna,67571 Frank Underpass Apt. 908
E81UH9A3,michael26@example.net,Premium,Jose Fisher,Jose,Fisher,"39035 Austin Falls Apt. 416, Nanaimo, NL",NL,Nanaimo,39035 Austin Falls Apt. 416
449DFZC8,barkermatthew@example.com,Premium,Dominic Anderson,Dominic,Anderson,"00629 Smith Springs, Charlottetown, BC",BC,Charlottetown,00629 Smith Springs
T25I91HK,johnsonjermaine@example.org,Standard,David Thompson,David,Thompson,"05995 Michael Tunnel, Halifax, PE",PE,Halifax,05995 Michael Tunnel
0OR5B7N4,vzavala@example.net,Premium,Cory Barajas,Cory,Barajas,"31146 Christine Throughway, Charlottetown, MB",MB,Charlottetown,31146 Christine Throughway
T4W534HY,ukim@example.org,Premium,Joseph Vega,Joseph,Vega,"2650 Eric Manor Suite 893, Hamilton, YT",YT,Hamilton,2650 Eric Manor Suite 893
7UXZ04S1,sharonbass@example.com,Standard,Brandon Contreras,Brandon,Contreras,"85537 Nicole Views Suite 986, Yellowknife, NT",NT,Yellowknife,85537 Nicole Views Suite 986
14BP3P2W,amy08@example.net,Standard,Ashley Meadows,Ashley,Meadows,"076 Todd Views Apt. 566, Edmonton, NT",NT,Edmonton,076 Todd Views Apt. 566
8BY0J3T3,martinezlaura@example.net,Premium,Christopher Davis,Christopher,Davis,"7365 Stacy Mews Suite 289, Oshawa, PE",PE,Oshawa,7365 Stacy Mews Suite 289
T0J4SM68,coxamber@example.net,Standard,Richard Hughes,Richard,Hughes,"244 Sarah Junction Apt. 379, Edmonton, BC",BC,Edmonton,244 Sarah Junction Apt. 379
XA7FI795,andrewmiller@example.org,Premium,Christina Wall,Christina,Wall,"3073 Brown Grove Apt. 382, London, NL",NL,London,3073 Brown Grove Apt. 382
36D2CFH0,julie99@example.net,Standard,Kristin Gonzalez,Kristin,Gonzalez,"698 Elizabeth Shore, Ottawa, NB",NB,Ottawa,698 Elizabeth Shore
4Y81S4IL,pacosta@example.net,Premium,Victor Brown,Victor,Brown,"701 Becky Ridge Apt. 455, Ottawa, SK",SK,Ottawa,701 Becky Ridge Apt. 455
4ARE7O97,aguilaralan@example.com,Standard,Robert Barnett,Robert,Barnett,"03513 Adam Islands Apt. 978, Windsor, SK",SK,Windsor,03513 Adam Islands Apt. 978
V25H3S2J,hallwilliam@example.net,Standard,Joshua Carter,Joshua,Carter,"1223 Brown Valleys, Kamloops, PE",PE,Kamloops,1223 Brown Valleys
K73YN7H7,curtisjennifer@example.org,Standard,Megan Robles,Megan,Robles,"04975 Karen Mill Apt. 675, Oshawa, NT",NT,Oshawa,04975 Karen Mill Apt. 675
5S59G1VA,gregoryandrew@example.org,Premium,Kenneth Blankenship,Kenneth,Blankenship,"87958 Price Pass Apt. 386, Whitehorse, NU",NU,Whitehorse,87958 Price Pass Apt. 386
1Z24ARC1,brianharvey@example.com,Standard,Robert Walker,Robert,Walker,"16652 Tapia Stravenue, Sudbury, NT",NT,Sudbury,16652 Tapia Stravenue
DW8O9A64,ajacobs@example.org,Premium,Martin Meyer,Martin,Meyer,"905 Gonzalez Mountains Apt. 241, Halifax, NU",NU,Halifax,905 Gonzalez Mountains Apt. 241
FG366ZS4,julianbriggs@example.com,Premium,Vicki Sanchez,Vicki,Sanchez,"479 Nicholas Pike, Kelowna, NS",NS,Kelowna,479 Nicholas Pike
50W71JBH,bshelton@example.net,Standard,Rebekah Diaz,Rebekah,Diaz,"93482 Chelsea Forge, Calgary, YT",YT,Calgary,93482 Chelsea Forge
262PUU9C,wfreeman@example.org,Premium,Joyce Cortez,Joyce,Cortez,"1424 Wilkins Dam, Kingston, PE",PE,Kingston,1424 Wilkins Dam
JW3G2M11,hernandezalexandria@example.net,Standard,Penny Hobbs,Penny,Hobbs,"087 Warren Forges Apt. 839, Saskatoon, AB",AB,Saskatoon,087 Warren Forges Apt. 839
35VZ9X4O,danny06@example.net,Standard,David Frost,David,Frost,"422 Douglas Ways Suite 653, Whitehorse, AB",AB,Whitehorse,422 Douglas Ways Suite 653
HZE3Y803,christopherpowell@example.com,Standard,Shirley Montgomery,Shirley,Montgomery,"114 Jesse Parks, Quebec City, BC",BC,Quebec City,114 Jesse Parks
II220L8A,mstrickland@example.com,Standard,Linda Moore,Linda,Moore,"384 Laura Parks, Sudbury, NT",NT,Sudbury,384 Laura Parks
597WODN5,sarah73@example.org,Standard,Tiffany Burke,Tiffany,Burke,"2543 Anderson Throughway Apt. 642, Montreal, MB",MB,Montreal,2543 Anderson Throughway Apt. 642
63JBLQ66,richard09@example.com,Premium,Alexis Garcia,Alexis,Garcia,"5139 Cheryl Flat Suite 696, Oshawa, NU",NU,Oshawa,5139 Cheryl Flat Suite 696
6K74YL5G,beverly00@example.com,Premium,Stephen Hopkins,Stephen,Hopkins,"7789 Davis Drive, Regina, NB",NB,Regina,7789 Davis Drive
00Z3BWA3,tiffany29@example.net,Standard,Stephanie Miller,Stephanie,Miller,"0496 Wendy Path Apt. 618, Thunder Bay, QC",QC,Thunder Bay,0496 Wendy Path Apt. 618
C9J1C8N4,sgiles@example.org,Premium,Brandon Rose,Brandon,Rose,"7866 Jasmin Mission Suite 233, Whitehorse, NT",NT,Whitehorse,7866 Jasmin Mission Suite 233
S2I4QB55,kirsten24@example.com,Standard,Brenda Stein,Brenda,Stein,"587 Karen Point Apt. 900, Oshawa, MB",MB,Oshawa,587 Karen Point Apt. 900
69L61CDG,martha34@example.com,Premium,Alice Francis,Alice,Francis,"6748 Wall Dam, Whitehorse, NU",NU,Whitehorse,6748 Wall Dam
8T72DXH5,loriwatson@example.com,Standard,Brian Shepherd,Brian,Shepherd,"81509 Henry Ports, Thunder Bay, SK",SK,Thunder Bay,81509 Henry Ports
421PDZV8,alison93@example.com,Standard,Edward Johnson,Edward,Johnson,"28276 Wilson Junctions Apt. 236, Nanaimo, YT",YT,Nanaimo,28276 Wilson Junctions Apt. 236
E1MI9J43,walkerkeith@example.org,Standard,Juan Boyd,Juan,Boyd,"9712 Brian Burgs Apt. 147, Kamloops, NU",NU,Kamloops,9712 Brian Burgs Apt. 147
9U5T9C5O,felicia45@example.org,Standard,Ricardo Morgan,Ricardo,Morgan,"8430 Linda Brook, Windsor, QC",QC,Windsor,8430 Linda Brook
X18O9CN4,jacquelinemejia@example.com,Standard,Luke Wood,Luke,Wood,"7261 Luis Lock Suite 955, Oshawa, BC",BC,Oshawa,7261 Luis Lock Suite 955
W2N81R6F,hdrake@example.org,Standard,Lisa Garcia,Lisa,Garcia,"3354 Brian Tunnel Suite 534, Winnipeg, QC",QC,Winnipeg,3354 Brian Tunnel Suite 534
CZ50M20X,butlersarah@example.org,Premium,James Wright,James,Wright,"27066 Noah Drive, Edmonton, NB",NB,Edmonton,27066 Noah Drive
H9T018SK,ltaylor@example.com,Standard,Randall Cherry,Randall,Cherry,"639 Jones Mall, Fredericton, YT",YT,Fredericton,639 Jones Mall
9WB483HW,gonzalezdaniel@example.com,Standard,Jeremy Arellano,Jeremy,Arellano,"000 Swanson Knoll, Nanaimo, BC",BC,Nanaimo,000 Swanson Knoll
LC78E5H1,kylegreen@example.net,Premium,Becky Turner,Becky,Turner,"8105 Holly Plains Suite 272, Sudbury, NU",NU,Sudbury,8105 Holly Plains Suite 272
N6O9R56H,torresryan@example.org,Premium,Kathryn Martinez,Kathryn,Martinez,"9450 Robert Wells Apt. 370, Kelowna, SK",SK,Kelowna,9450 Robert Wells Apt. 370
WG4X147G,williamsmark@example.net,Standard,Carly Jenkins,Carly,Jenkins,"120 Sara Fall Apt. 344, Charlottetown, NS",NS,Charlottetown,120 Sara Fall Apt. 344
017PN7XO,thernandez@example.net,Standard,Brooke Hernandez,Brooke,Hernandez,"175 Duncan Rapids, Winnipeg, BC",BC,Winnipeg,175 Duncan Rapids
43NU5ZJ1,xmoore@example.org,Standard,Teresa Garza,Teresa,Garza,"8188 Connie Rue Suite 099, Winnipeg, NU",NU,Winnipeg,8188 Connie Rue Suite 099
8VCS46O6,jesse30@example.com,Standard,Deborah Hicks,Deborah,Hicks,"8620 Porter River Suite 233, Thunder Bay, NB",NB,Thunder Bay,8620 Porter River Suite 233
EEN69G58,stacy12@example.org,Standard,Sarah Walker,Sarah,Walker,"139 Timothy Orchard, Quebec City, YT",YT,Quebec City,139 Timothy Orchard
V4Y71Q5Z,etaylor@example.com,Standard,Adam Perez,Adam,Perez,"16165 Sosa Springs, Kamloops, NB",NB,Kamloops,16165 Sosa Springs
793IF4TC,alisha41@example.net,Standard,Gina Roberts,Gina,Roberts,"270 Eric Glens Suite 935, Charlottetown, AB",AB,Charlottetown,270 Eric Glens Suite 935
Y0727SBH,ericfuentes@example.com,Standard,Kaitlyn Long,Kaitlyn,Long,"4462 Armstrong Station Suite 540, Kamloops, QC",QC,Kamloops,4462 Armstrong Station Suite 540
I6IB718W,zwheeler@example.org,Standard,Phillip Morgan,Phillip,Morgan,"787 English Trail, Thunder Bay, NU",NU,Thunder Bay,787 English Trail
J3F02BQ4,nli@example.net,Premium,Matthew Rodriguez,Matthew,Rodriguez,"007 Brown Estate, Winnipeg, SK",SK,Winnipeg,007 Brown Estate
GM18P3G4,jbean@example.com,Standard,Robert Brown,Robert,Brown,"46526 Hunter Burg Apt. 392, Nanaimo, YT",YT,Nanaimo,46526 Hunter Burg Apt. 392
RFE8H363,paulnovak@example.org,Premium,Lori Carpenter,Lori,Carpenter,"03830 Leslie Curve Apt. 826, Regina, NL",NL,Regina,03830 Leslie Curve Apt. 826
48P1A2OW,rachel13@example.net,Standard,Laura Leon,Laura,Leon,"0016 John Island Suite 114, Sudbury, NB",NB,Sudbury,0016 John Island Suite 114
9LA0G6U1,jacqueline98@example.org,Premium,Theresa Schaefer,Theresa,Schaefer,"898 Holly Well Apt. 066, Ottawa, NT",NT,Ottawa,898 Holly Well Apt. 066
U5HJ11K6,kennethrussell@example.com,Premium,Ronald Bryant,Ronald,Bryant,"845 Amy Ridges Apt. 077, Yellowknife, PE",PE,Yellowknife,845 Amy Ridges Apt. 077
T33DH8Y5,xmoon@example.com,Premium,Kelly Lucero,Kelly,Lucero,"407 Kevin Ports Apt. 001, Regina, ON",ON,Regina,407 Kevin Ports Apt. 001
32IZIP19,duffyoscar@example.com,Premium,Julia Wilson,Julia,Wilson,"252 Crystal Trafficway Apt. 631, London, SK",SK,London,252 Crystal Trafficway Apt. 631
W6X106HF,ellisonerin@example.com,Premium,John Stevens,John,Stevens,"77654 Walker Green, Vancouver, MB",MB,Vancouver,77654 Walker Green
TYX7031P,richard47@example.com,Standard,Lisa Henderson,Lisa,Henderson,"4943 Hill Oval Apt. 239, Yellowknife, QC",QC,Yellowknife,4943 Hill Oval Apt. 239
W5IS435R,campbellnicholas@example.org,Standard,Derrick Huff,Derrick,Huff,"07350 Bryan Isle, Victoria, BC",BC,Victoria,07350 Bryan Isle
NR1IB439,johnsoncindy@example.org,Premium,Chad Mills,Chad,Mills,"90765 Henderson Camp Apt. 556, Thunder Bay, SK",SK,Thunder Bay,90765 Henderson Camp Apt. 556
KP4058IA,gainesmary@example.com,Premium,Christina Bright,Christina,Bright,"901 Marquez Wall Suite 756, Regina, NT",NT,Regina,901 Marquez Wall Suite 756
QQ889SO6,rubenroberts@example.net,Premium,Seth Scott,Seth,Scott,"61902 Rogers Curve Suite 943, London, NL",NL,London,61902 Rogers Curve Suite 943
H7O1W0H4,rhunt@example.com,Standard,Ruben Hall,Ruben,Hall,"862 David View Apt. 454, Charlottetown, ON",ON,Charlottetown,862 David View Apt. 454
CIGJ4303,aaron70@example.com,Premium,Kristen Williams,Kristen,Williams,"901 Michael Isle, Hamilton, SK",SK,Hamilton,901 Michael Isle
Q888JTJ4,lindseytracy@example.net,Premium,Rachel Knight,Rachel,Knight,"1944 Lucas Lane, Ottawa, ON",ON,Ottawa,1944 Lucas Lane
U3HUD919,gomezwendy@example.net,Standard,Kathy Brown,Kathy,Brown,"6916 Walters Keys, Nanaimo, NU",NU,Nanaimo,6916 Walters Keys
X6JZ29R4,deborah87@example.com,Standard,Robert Brady,Robert,Brady,"5851 Andrew Road, Sudbury, NB",NB,Sudbury,5851 Andrew Road
81L5BDR0,stevehill@example.org,Premium,Richard Meyer,Richard,Meyer,"2243 Kyle Plains Apt. 985, St. John's, NU",NU,St. John's,2243 Kyle Plains Apt. 985
761CW9FS,gsmith@example.com,Standard,Jonathan Church,Jonathan,Church,"5090 Mcdonald Stravenue Apt. 922, Kitchener, NU",NU,Kitchener,5090 Mcdonald Stravenue Apt. 922
3B21OM3R,courtney22@example.net,Premium,Alexa Burke,Alexa,Burke,"892 Rivas Forges, Saskatoon, NU",NU,Saskatoon,892 Rivas Forges
1JNKT440,april96@example.com,Premium,Ashley Parker,Ashley,Parker,"07637 Jones Stravenue Suite 036, Oshawa, NT",NT,Oshawa,07637 Jones Stravenue Suite 036
O215RK7C,yvettepatterson@example.com,Premium,Manuel Bishop,Manuel,Bishop,"18964 Christopher Plains, Hamilton, NB",NB,Hamilton,18964 Christopher Plains
K39U1U4C,gardneralexandra@example.org,Standard,Allison Perry,Allison,Perry,"99351 Taylor Loaf, Whitehorse, ON",ON,Whitehorse,99351 Taylor Loaf
I19U5FW7,colonjoseph@example.net,Premium,Linda White,Linda,White,"638 Kenneth Square, St. John's, QC",QC,St. John's,638 Kenneth Square
5Y1CNZ59,vegacraig@example.net,Premium,Jason Norris,Jason,Norris,"2898 Matthew Burg Suite 770, Kingston, NU",NU,Kingston,2898 Matthew Burg Suite 770
AF7O1F94,ochoajoseph@example.net,Standard,Joseph Stephens,Joseph,Stephens,"56309 Clements Lights, Sudbury, NU",NU,Sudbury,56309 Clements Lights
WK523K0A,kylewang@example.org,Standard,Matthew Golden,Matthew,Golden,"551 Jason Hill Apt. 037, Windsor, BC",BC,Windsor,551 Jason Hill Apt. 037
3B20JOJ4,rachel92@example.org,Premium,Shannon Smith,Shannon,Smith,"348 Campbell Common Apt. 133, Fredericton, NS",NS,Fredericton,348 Campbell Common Apt. 133
7CO06EK1,suedavis@example.org,Standard,Mary Reilly,Mary,Reilly,"154 Pamela Fords Apt. 377, Winnipeg, SK",SK,Winnipeg,154 Pamela Fords Apt. 377
9DO6MB58,peggy69@example.net,Premium,Paul Johnston,Paul,Johnston,"16501 Sandra Lane Apt. 037, Calgary, YT",YT,Calgary,16501 Sandra Lane Apt. 037
4S46JCH8,teresa02@example.com,Standard,Sherry Sandoval,Sherry,Sandoval,"02663 Shawn Pass, London, AB",AB,London,02663 Shawn Pass
71AVXS48,colliersandra@example.net,Standard,Adrian Miller,Adrian,Miller,"746 Matthew Mews Apt. 322, Halifax, SK",SK,Halifax,746 Matthew Mews Apt. 322
X761GDO1,jessicagutierrez@example.com,Standard,Emily Casey,Emily,Casey,"6175 Weeks Parkway, Hamilton, YT",YT,Hamilton,6175 Weeks Parkway
2FVR42P5,ricardosmith@example.com,Premium,Jason Perry,Jason,Perry,"065 Hartman Lakes Apt. 627, Montreal, NT",NT,Montreal,065 Hartman Lakes Apt. 627
P6SX66K2,beantheresa@example.org,Standard,Calvin Vargas,Calvin,Vargas,"9937 Torres Mission, Hamilton, NU",NU,Hamilton,9937 Torres Mission
7SHOE962,barrettmonica@example.net,Standard,Zachary Oconnor,Zachary,Oconnor,"132 Wood Throughway Apt. 920, Kitchener, AB",AB,Kitchener,132 Wood Throughway Apt. 920
ON62OK62,gabrielrussell@example.net,Premium,Brandon Patel,Brandon,Patel,"376 Smith Circle, Iqaluit, NB",NB,Iqaluit,376 Smith Circle
5QB44U2L,kennethswanson@example.com,Standard,Michael Macdonald,Michael,Macdonald,"09374 Karen Garden Apt. 188, Yellowknife, ON",ON,Yellowknife,09374 Karen Garden Apt. 188
7M63BP9D,jameswhite@example.net,Premium,Sarah Best,Sarah,Best,"17784 Kristie Row Apt. 600, London, NL",NL,London,17784 Kristie Row Apt. 600
CQZ07O61,dhoward@example.org,Standard,Janet Mann,Janet,Mann,"14846 Hendrix Plaza, Quebec City, SK",SK,Quebec City,14846 Hendrix Plaza
4L26C7TP,benjamin81@example.net,Standard,Kevin Garcia,Kevin,Garcia,"59642 David Drive, Calgary, SK",SK,Calgary,59642 David Drive
4ZXB14I3,glennreed@example.com,Premium,Sydney Gonzalez,Sydney,Gonzalez,"1671 Phillip River, Quebec City, NL",NL,Quebec City,1671 Phillip River
6U713ILH,paul75@example.com,Standard,Andrea Larson,Andrea,Larson,"8212 Hannah Walks, Charlottetown, BC",BC,Charlottetown,8212 Hannah Walks
6XK69H5K,nfrazier@example.org,Standard,Angela Oconnell,Angela,Oconnell,"865 Bradley Centers Suite 327, Yellowknife, NB",NB,Yellowknife,865 Bradley Centers Suite 327
W86C95AE,hansonmichelle@example.com,Standard,Catherine Fitzgerald,Catherine,Fitzgerald,"14122 Juan Square, Kingston, NT",NT,Kingston,14122 Juan Square
G9541JVP,hartkatie@example.com,Premium,Nicole Green,Nicole,Green,"0394 Williams Keys Suite 002, Kingston, NB",NB,Kingston,0394 Williams Keys Suite 002
TXUT9388,ggreen@example.net,Premium,Michael Carter,Michael,Carter,"89178 Jimenez Passage Suite 425, Toronto, SK",SK,Toronto,89178 Jimenez Passage Suite 425
6YWNO255,lisa92@example.net,Premium,Matthew Ewing,Matthew,Ewing,"196 Scott Wall Apt. 661, Abbotsford, NB",NB,Abbotsford,196 Scott Wall Apt. 661
9HON122S,jdalton@example.com,Standard,Kristi Mclean,Kristi,Mclean,"664 Wright Vista, Toronto, YT",YT,Toronto,664 Wright Vista
O81GV14G,charles22@example.org,Premium,Nicholas Gutierrez,Nicholas,Gutierrez,"19534 Lopez Via, Oshawa, NL",NL,Oshawa,19534 Lopez Via
G187NEV6,alejandrowalls@example.net,Standard,Douglas Simpson,Douglas,Simpson,"76450 Michael Well, Fredericton, NT",NT,Fredericton,76450 Michael Well
G8SZ9V41,joshua90@example.com,Standard,Nicholas Berry,Nicholas,Berry,"5789 Sparks Crest Apt. 079, Saskatoon, NL",NL,Saskatoon,5789 Sparks Crest Apt. 079
W6D92H2K,wrightmichael@example.com,Standard,Amy Nguyen,Amy,Nguyen,"072 Mcmillan Run, Montreal, NL",NL,Montreal,072 Mcmillan Run
CH3B735Y,oliverbrian@example.org,Premium,Sean Johnson,Sean,Johnson,"1176 Andrew Mount Apt. 079, Ottawa, MB",MB,Ottawa,1176 Andrew Mount Apt. 079
E75CD2K3,jordan79@example.org,Standard,Tiffany Roberts,Tiffany,Roberts,"2860 Gardner Lodge, Victoria, NS",NS,Victoria,2860 Gardner Lodge
708ARH6R,dakotajones@example.net,Standard,Amy Beck,Amy,Beck,"629 Samantha Curve, Oshawa, QC",QC,Oshawa,629 Samantha Curve
9ICS4H34,karenharris@example.com,Standard,Lisa Li,Lisa,Li,"2930 Christina Mews Apt. 954, London, QC",QC,London,2930 Christina Mews Apt. 954
6GME55N7,bakerandrew@example.net,Premium,Nathan Nichols,Nathan,Nichols,"0277 Campos Track, Windsor, NB",NB,Windsor,0277 Campos Track
QU313XX3,judith12@example.com,Standard,Teresa Brown,Teresa,Brown,"0684 Hernandez Ridges Apt. 569, Toronto, NU",NU,Toronto,0684 Hernandez Ridges Apt. 569
9A8L7H4S,dorseyjennifer@example.net,Standard,Jacob Daugherty,Jacob,Daugherty,"6749 Holly Glens, Halifax, NS",NS,Halifax,6749 Holly Glens
9I5UD89E,joshuawhite@example.com,Premium,Hunter Nash,Hunter,Nash,"9244 Christine Parks Suite 156, Winnipeg, YT",YT,Winnipeg,9244 Christine Parks Suite 156
HE818CF9,kaylareid@example.net,Premium,Heather Mullen,Heather,Mullen,"1067 Flores Islands Suite 109, Windsor, NT",NT,Windsor,1067 Flores Islands Suite 109
1M00OHN4,mario04@example.org,Premium,Steven Watson,Steven,Watson,"1078 Smith Courts, Victoria, NU",NU,Victoria,1078 Smith Courts
2BW9I0O4,jacobsoncody@example.org,Standard,James Rivas,James,Rivas,"763 Shannon Mountain Suite 664, Quebec City, NL",NL,Quebec City,763 Shannon Mountain Suite 664
088YC6QY,opeterson@example.com,Premium,Lisa Young,Lisa,Young,"75246 Alan Camp, St. John's, NS",NS,St. John's,75246 Alan Camp
F1520BFW,wagnerkristen@example.net,Premium,Sara Olson,Sara,Olson,"4251 Kerr Skyway, Fredericton, ON",ON,Fredericton,4251 Kerr Skyway
YR5W381N,allen90@example.com,Premium,Shelly Williams,Shelly,Williams,"756 Gray Ford, Nanaimo, AB",AB,Nanaimo,756 Gray Ford
30ZV5AU6,morrisdylan@example.com,Standard,Ronald Hill,Ronald,Hill,"378 Foster Ways Apt. 990, Calgary, NB",NB,Calgary,378 Foster Ways Apt. 990
Q16RW16G,barbara58@example.net,Standard,Kimberly Parsons,Kimberly,Parsons,"49856 Amy Summit, Whitehorse, MB",MB,Whitehorse,49856 Amy Summit
698GVD4I,nicoledennis@example.net,Premium,Catherine Sutton,Catherine,Sutton,"29340 Christopher Rapids, Quebec City, AB",AB,Quebec City,29340 Christopher Rapids
F2HG3P28,gilberthamilton@example.com,Standard,Patrick Pena,Patrick,Pena,"607 Robert Plains, Charlottetown, MB",MB,Charlottetown,607 Robert Plains
H9M631RD,camposalyssa@example.com,Standard,Dave Bowers,Dave,Bowers,"6779 Wilson Knolls Apt. 764, Abbotsford, BC",BC,Abbotsford,6779 Wilson Knolls Apt. 764
59O6SLI7,cmoore@example.net,Premium,Richard Cook,Richard,Cook,"0116 David Terrace Apt. 186, Montreal, SK",SK,Montreal,0116 David Terrace Apt. 186
64U2MYP0,vanessamiller@example.net,Standard,Daniel Roberts,Daniel,Roberts,"39710 Christopher Gardens, Oshawa, MB",MB,Oshawa,39710 Christopher Gardens
A9J4XK64,toni69@example.net,Standard,Joe Cook,Joe,Cook,"52660 Perry Mountain Suite 453, Oshawa, PE",PE,Oshawa,52660 Perry Mountain Suite 453
Z93C4J4C,smitchell@example.net,Premium,Amy Morgan,Amy,Morgan,"846 Scott Crossing, Montreal, NB",NB,Montreal,846 Scott Crossing
8SQY0A31,hbrown@example.org,Premium,Johnathan Brown,Johnathan,Brown,"140 Torres Landing, Windsor, QC",QC,Windsor,140 Torres Landing
76UW11GD,gainesstephen@example.com,Premium,Hannah Lewis,Hannah,Lewis,"6612 Nichols Plaza Suite 132, Whitehorse, NT",NT,Whitehorse,6612 Nichols Plaza Suite 132
125QU9BR,bradley17@example.net,Premium,Lindsey Martin,Lindsey,Martin,"8284 Rachel Loop, Charlottetown, NB",NB,Charlottetown,8284 Rachel Loop
0R67XD7J,vfleming@example.net,Premium,Sophia Cole,Sophia,Cole,"9716 Kelly Keys, Kelowna, ON",ON,Kelowna,9716 Kelly Keys
EA8H904Q,christina61@example.com,Premium,Susan Hughes,Susan,Hughes,"0742 Henderson Way, Kingston, BC",BC,Kingston,0742 Henderson Way
DGQS6534,khanmichael@example.org,Premium,Zachary Giles,Zachary,Giles,"20947 Moore Forge Apt. 377, Vancouver, NU",NU,Vancouver,20947 Moore Forge Apt. 377
5ES91S7W,rodgerssabrina@example.net,Standard,John Foster,John,Foster,"23089 David Corners Suite 409, Kingston, NB",NB,Kingston,23089 David Corners Suite 409
LY091Q6L,michelle86@example.com,Standard,David Jackson,David,Jackson,"154 Christopher Street, Winnipeg, YT",YT,Winnipeg,154 Christopher Street
6N9ER2N5,velezjohn@example.com,Premium,Kathleen White,Kathleen,White,"893 Delacruz Turnpike Apt. 073, Winnipeg, YT",YT,Winnipeg,893 Delacruz Turnpike Apt. 073
KDD7757O,meltongerald@example.net,Standard,Karen Mata,Karen,Mata,"347 Drew Valleys, Charlottetown, NB",NB,Charlottetown,347 Drew Valleys
6F2D6M4A,julie75@example.org,Standard,John Ruiz,John,Ruiz,"6622 Smith Rapids Apt. 966, Abbotsford, NL",NL,Abbotsford,6622 Smith Rapids Apt. 966
97HD7L5F,johnsonelijah@example.net,Standard,Darryl Dixon,Darryl,Dixon,"0629 Scott Islands Apt. 699, Montreal, BC",BC,Montreal,0629 Scott Islands Apt. 699
F83GD9Y5,lglover@example.com,Standard,Kathy Mccullough,Kathy,Mccullough,"856 Jennifer Loaf Suite 849, Kamloops, SK",SK,Kamloops,856 Jennifer Loaf Suite 849
0WCL619Z,cookapril@example.net,Standard,Gregory Flores,Gregory,Flores,"35103 Cabrera Union, Windsor, NL",NL,Windsor,35103 Cabrera Union
MD896AB8,kvargas@example.com,Standard,Bryan Johnson,Bryan,Johnson,"63266 Kristin Plains Apt. 883, Yellowknife, NL",NL,Yellowknife,63266 Kristin Plains Apt. 883
3R101MXX,angela68@example.com,Premium,Victoria Martinez,Victoria,Martinez,"178 Angela Tunnel, Fredericton, NS",NS,Fredericton,178 Angela Tunnel
3ORUA455,cmack@example.com,Premium,John Brown,John,Brown,"135 Valerie Plaza, Halifax, ON",ON,Halifax,135 Valerie Plaza
6K0TN42O,millerjulia@example.net,Premium,Michelle Brown,Michelle,Brown,"864 Gomez Track, Kitchener, SK",SK,Kitchener,864 Gomez Track
43YCZW80,thomasmayer@example.net,Premium,Lisa Hamilton,Lisa,Hamilton,"849 Heidi Union Suite 179, Sudbury, NL",NL,Sudbury,849 Heidi Union Suite 179
S67VO16O,greg47@example.net,Premium,John Ellison,John,Ellison,"0591 Burke Corners, Thunder Bay, NT",NT,Thunder Bay,0591 Burke Corners
9N0W5M6X,graveslindsey@example.com,Premium,Kristy Evans,Kristy,Evans,"42441 Kristina Avenue Apt. 184, Kelowna, ON",ON,Kelowna,42441 Kristina Avenue Apt. 184
2J0K8P4P,castanedajordan@example.net,Premium,Gabriela Payne,Gabriela,Payne,"647 Cindy Locks, Sudbury, QC",QC,Sudbury,647 Cindy Locks
72L0TK7Z,michellescott@example.org,Standard,Paul Jacobs,Paul,Jacobs,"161 Samantha Views Apt. 499, Sudbury, QC",QC,Sudbury,161 Samantha Views Apt. 499
2TH96BU4,kathleen70@example.org,Standard,Mark Ray,Mark,Ray,"041 Bond Vista, London, NU",NU,London,041 Bond Vista
3L7UE5I5,gabriel73@example.com,Premium,Melissa Ramirez,Melissa,Ramirez,"28229 Sheryl Fork Suite 658, Quebec City, NB",NB,Quebec City,28229 Sheryl Fork Suite 658
788D0WRO,oconnelldaniel@example.org,Standard,David Larson,David,Larson,"536 Kimberly Locks, Oshawa, NB",NB,Oshawa,536 Kimberly Locks
2AJJ686K,joyce60@example.org,Premium,Jordan Baker,Jordan,Baker,"3283 Clark Cape, St. John's, PE",PE,St. John's,3283 Clark Cape
6YQ2YU79,mark46@example.org,Standard,Alejandro Shannon,Alejandro,Shannon,"5223 Miller Lake, Kingston, PE",PE,Kingston,5223 Miller Lake
0Z0D8N0A,warnerbilly@example.net,Premium,Alexander Garcia,Alexander,Garcia,"6571 Troy Lake Apt. 243, Edmonton, BC",BC,Edmonton,6571 Troy Lake Apt. 243
A844OI1M,ewingsarah@example.net,Premium,Melissa Strong,Melissa,Strong,"54148 Bishop Overpass Suite 786, Winnipeg, NS",NS,Winnipeg,54148 Bishop Overpass Suite 786
WQVF3900,kbush@example.net,Standard,Tara Weber,Tara,Weber,"154 Brown Wells Suite 367, Charlottetown, NS",NS,Charlottetown,154 Brown Wells Suite 367
47C00YUB,pmcmahon@example.com,Premium,Glenn Rubio,Glenn,Rubio,"22167 Shawn Dale, Thunder Bay, BC",BC,Thunder Bay,22167 Shawn Dale
AYA42V75,lwatson@example.com,Standard,Jon Alvarez,Jon,Alvarez,"41051 Amanda Highway, Kelowna, NS",NS,Kelowna,41051 Amanda Highway
2K96GQP2,mary90@example.org,Standard,Jesse Cantu,Jesse,Cantu,"374 Campbell Points Suite 076, Montreal, MB",MB,Montreal,374 Campbell Points Suite 076
5F78SPB9,jessica65@example.org,Premium,Michelle Montgomery,Michelle,Montgomery,"85106 Chelsey Drive Apt. 554, Quebec City, YT",YT,Quebec City,85106 Chelsey Drive Apt. 554
8TP6NZ28,whitelori@example.net,Premium,Kenneth Diaz,Kenneth,Diaz,"08226 Laura Falls, Windsor, BC",BC,Windsor,08226 Laura Falls
AUJ92V10,mary20@example.com,Premium,William Harris,William,Harris,"8193 Williams Forges Suite 650, St. John's, NL",NL,St. John's,8193 Williams Forges Suite 650
620RX7MC,cody16@example.com,Standard,Kathleen Davis,Kathleen,Davis,"9550 Sheila Rapid, Regina, SK",SK,Regina,9550 Sheila Rapid
14R9UD4O,schmidtchristine@example.org,Premium,Heather Fox,Heather,Fox,"026 Villanueva Common, Kingston, QC",QC,Kingston,026 Villanueva Common
19XGD51B,riceheidi@example.net,Standard,Sarah Peters,Sarah,Peters,"21714 Wagner Walk, Quebec City, NL",NL,Quebec City,21714 Wagner Walk
31ODJ75X,craigemily@example.net,Standard,Jorge Santiago,Jorge,Santiago,"617 Bowman Roads Apt. 439, Montreal, ON",ON,Montreal,617 Bowman Roads Apt. 439
4Z3L4J1W,david73@example.com,Standard,Paul Oneill,Paul,Oneill,"30326 Hayes Oval, Quebec City, AB",AB,Quebec City,30326 Hayes Oval
NJ3N01P3,hernandezlisa@example.org,Standard,James Flores,James,Flores,"0231 Molly Course Suite 348, Sudbury, NB",NB,Sudbury,0231 Molly Course Suite 348
TDR4751Q,jsmith@example.org,Premium,Jody Nolan,Jody,Nolan,"5317 Teresa Mountains, Abbotsford, ON",ON,Abbotsford,5317 Teresa Mountains
57VD7XQ4,john52@example.com,Standard,Amy Peterson,Amy,Peterson,"9060 Baird Crest Suite 594, Winnipeg, NU",NU,Winnipeg,9060 Baird Crest Suite 594
6WGT451O,zserrano@example.com,Premium,Kevin Carey,Kevin,Carey,"828 Lori Center Apt. 780, Fredericton, AB",AB,Fredericton,828 Lori Center Apt. 780
S8OH956C,angel84@example.net,Standard,Alicia Wiggins,Alicia,Wiggins,"10970 Jeffrey Springs Suite 668, Kingston, NB",NB,Kingston,10970 Jeffrey Springs Suite 668
4FMR4O40,richarddavidson@example.com,Standard,Benjamin Velasquez,Benjamin,Velasquez,"951 Raymond Hills, Iqaluit, ON",ON,Iqaluit,951 Raymond Hills
50O62COV,john07@example.org,Premium,Gary Lee,Gary,Lee,"24842 Wilson Route Apt. 954, St. John's, QC",QC,St. John's,24842 Wilson Route Apt. 954
VO784H8Z,zdominguez@example.net,Standard,Linda Tate,Linda,Tate,"425 Berg Stravenue, London, NU",NU,London,425 Berg Stravenue
736MF2MB,anthonyduarte@example.com,Premium,Logan Colon,Logan,Colon,"2380 Nathan Drive, Kamloops, MB",MB,Kamloops,2380 Nathan Drive
53I4H6SD,anna47@example.org,Premium,Michael Allen,Michael,Allen,"638 Taylor Bridge, Thunder Bay, SK",SK,Thunder Bay,638 Taylor Bridge
3J9N25CM,jobrown@example.org,Standard,Alexander Wilson,Alexander,Wilson,"561 Amy Pine, Calgary, PE",PE,Calgary,561 Amy Pine
QI031UT3,davidrusso@example.org,Standard,Timothy Lopez,Timothy,Lopez,"51850 Valdez Course, Toronto, AB",AB,Toronto,51850 Valdez Course
62VUWJ51,vpierce@example.net,Standard,Juan Marshall,Juan,Marshall,"4336 Michael Mill Suite 051, Iqaluit, NT",NT,Iqaluit,4336 Michael Mill Suite 051
34GVD60O,lori32@example.org,Premium,Daniel Lyons,Daniel,Lyons,"903 Huerta Alley Apt. 078, Kitchener, NT",NT,Kitchener,903 Huerta Alley Apt. 078
W318M2IG,vpatton@example.net,Standard,Theresa Carey,Theresa,Carey,"137 Lowery Rue Apt. 035, Oshawa, NT",NT,Oshawa,137 Lowery Rue Apt. 035
N69W9H2T,christopher65@example.com,Standard,Teresa Stewart,Teresa,Stewart,"1245 Miller Creek, Saskatoon, PE",PE,Saskatoon,1245 Miller Creek
S62IZV92,rebecca06@example.net,Premium,Alison Bailey,Alison,Bailey,"71078 Parks Lights, Yellowknife, BC",BC,Yellowknife,71078 Parks Lights
JC453R2O,alee@example.org,Standard,Mary Roth,Mary,Roth,"432 Daniel Court Apt. 240, Yellowknife, NS",NS,Yellowknife,432 Daniel Court Apt. 240
3CO6F84Z,esnow@example.com,Premium,Daniel Rodriguez,Daniel,Rodriguez,"43711 Gross Rue, Iqaluit, NL",NL,Iqaluit,43711 Gross Rue
Q7ZYP687,urodriguez@example.org,Premium,Chad Kane,Chad,Kane,"0243 Brandon Streets, Sudbury, AB",AB,Sudbury,0243 Brandon Streets
2X897DBS,michaelreyes@example.com,Standard,George Johnston,George,Johnston,"096 Stephens Hill, Victoria, QC",QC,Victoria,096 Stephens Hill
2HS58DG3,milestammy@example.net,Standard,Sandra Mora,Sandra,Mora,"739 Johnson Ways, Halifax, NL",NL,Halifax,739 Johnson Ways
K2AYE032,lburke@example.net,Standard,Danielle Hughes,Danielle,Hughes,"4121 Christina Club, Winnipeg, YT",YT,Winnipeg,4121 Christina Club
26FNH78H,ruth00@example.org,Premium,Julie Hunter,Julie,Hunter,"03861 Hayes Burg, Vancouver, QC",QC,Vancouver,03861 Hayes Burg
43QNHN36,lisa12@example.net,Premium,Tina Morgan,Tina,Morgan,"323 Amber Roads Apt. 912, Saskatoon, YT",YT,Saskatoon,323 Amber Roads Apt. 912
987NUK5L,ryan00@example.com,Standard,Kevin Pearson,Kevin,Pearson,"10123 Jeremy Roads, Kelowna, SK",SK,Kelowna,10123 Jeremy Roads
MLC68V47,sandersmichael@example.org,Standard,Amanda Jackson,Amanda,Jackson,"330 Nguyen Springs Suite 868, Kingston, AB",AB,Kingston,330 Nguyen Springs Suite 868
8XGZ23J0,carlweeks@example.net,Premium,Julie Howard,Julie,Howard,"03041 Karen Station, London, SK",SK,London,03041 Karen Station
F21QE98J,tthompson@example.net,Premium,Claudia Fisher,Claudia,Fisher,"26263 Brian Highway Apt. 349, Hamilton, BC",BC,Hamilton,26263 Brian Highway Apt. 349
57TXSX13,gibsongina@example.net,Standard,Matthew Watkins,Matthew,Watkins,"19388 Gregory Common Apt. 590, Ottawa, AB",AB,Ottawa,19388 Gregory Common Apt. 590
HV0V386A,tylerwilson@example.org,Premium,Stephanie Castillo,Stephanie,Castillo,"472 Ramirez Station Suite 351, Calgary, NL",NL,Calgary,472 Ramirez Station Suite 351
2KQ23O8O,laurataylor@example.net,Standard,Robert Villarreal,Robert,Villarreal,"82758 Mary Brook Suite 952, Whitehorse, PE",PE,Whitehorse,82758 Mary Brook Suite 952
L65DEI81,micheal05@example.org,Standard,Sheila Phelps,Sheila,Phelps,"80173 Davis Island Suite 350, Hamilton, ON",ON,Hamilton,80173 Davis Island Suite 350
U8T179VB,doyleadrian@example.com,Premium,Meredith Sanders,Meredith,Sanders,"58965 Jones Ports Apt. 850, Victoria, PE",PE,Victoria,58965 Jones Ports Apt. 850
5YG382WV,clarkkim@example.com,Standard,Mark Campbell,Mark,Campbell,"07437 Tony Village, Victoria, NB",NB,Victoria,07437 Tony Village
1OXYJ426,olamb@example.org,Standard,Ashley Landry,Ashley,Landry,"6881 Fox Wells, St. John's, MB",MB,St. John's,6881 Fox Wells
S290KBE3,eileen26@example.com,Premium,Diane Schultz,Diane,Schultz,"701 James Drive, London, MB",MB,London,701 James Drive
Y742LRK2,garzakristina@example.net,Premium,Benjamin Prince,Benjamin,Prince,"3506 Chavez Row Suite 645, Hamilton, PE",PE,Hamilton,3506 Chavez Row Suite 645
362AT1VS,cherylcurry@example.com,Standard,Cody Mathis,Cody,Mathis,"070 Burns Mews Apt. 769, Kamloops, YT",YT,Kamloops,070 Burns Mews Apt. 769
R15X44PQ,joseph92@example.org,Premium,Amanda Wells,Amanda,Wells,"0616 Anderson Locks Suite 402, Oshawa, ON",ON,Oshawa,0616 Anderson Locks Suite 402
6EO9V97G,christyhall@example.net,Standard,Jessica Wright,Jessica,Wright,"450 Theresa Vista, Saskatoon, NU",NU,Saskatoon,450 Theresa Vista
7PUK3X75,oconnormolly@example.com,Standard,Ryan Jones,Ryan,Jones,"12291 Gonzales Causeway Suite 603, Toronto, NL",NL,Toronto,12291 Gonzales Causeway Suite 603
S597TX0H,patelsuzanne@example.org,Standard,Amanda Nichols,Amanda,Nichols,"13930 Moreno Skyway Apt. 585, Abbotsford, ON",ON,Abbotsford,13930 Moreno Skyway Apt. 585
0I7H1HG2,mary29@example.com,Premium,Michael Cooper,Michael,Cooper,"9643 Cassandra Coves, Kamloops, AB",AB,Kamloops,9643 Cassandra Coves
W08S38OT,michael99@example.com,Premium,Robert Young,Robert,Young,"359 Walker Path, Kelowna, NS",NS,Kelowna,359 Walker Path
YAI84T17,vburns@example.org,Premium,Steven Miller,Steven,Miller,"202 Lynn Center, Nanaimo, AB",AB,Nanaimo,202 Lynn Center
2YUZC865,hawkinsalexis@example.com,Premium,Philip Gonzalez,Philip,Gonzalez,"16101 Jennifer Crest, London, NL",NL,London,16101 Jennifer Crest
H4Y6G3T5,aaron83@example.com,Premium,Colleen Richards,Colleen,Richards,"356 Alejandra Locks, Fredericton, NT",NT,Fredericton,356 Alejandra Locks
0A72GV5E,nicole18@example.com,Premium,Debra Lopez,Debra,Lopez,"23191 Tina Valleys, Yellowknife, NT",NT,Yellowknife,23191 Tina Valleys
U9006OIB,tonywashington@example.net,Standard,Steven Munoz,Steven,Munoz,"6821 Sawyer Path, St. John's, MB",MB,St. John's,6821 Sawyer Path
4TMQ360T,judy86@example.com,Premium,Madison Villanueva,Madison,Villanueva,"6888 Helen Well, Sudbury, PE",PE,Sudbury,6888 Helen Well
M10QJH18,briansmith@example.net,Premium,Ruth Hurst,Ruth,Hurst,"17699 Thomas Radial, Toronto, YT",YT,Toronto,17699 Thomas Radial
Q1180NBH,steven98@example.org,Premium,Sharon Rogers,Sharon,Rogers,"642 Joyce Prairie, St. John's, YT",YT,St. John's,642 Joyce Prairie
O25E1C4S,jordanpaula@example.org,Standard,Gerald Anderson,Gerald,Anderson,"969 Becker Causeway Suite 564, Calgary, QC",QC,Calgary,969 Becker Causeway Suite 564
4X96EPB5,melissahudson@example.net,Standard,Travis Nguyen,Travis,Nguyen,"15787 Grant Ridge Suite 075, Kingston, PE",PE,Kingston,15787 Grant Ridge Suite 075
KRKA5979,ajohnson@example.net,Standard,William Villa,William,Villa,"9503 Walton Glens Apt. 062, Whitehorse, ON",ON,Whitehorse,9503 Walton Glens Apt. 062
032L0LNV,nicholas15@example.com,Premium,Katherine Mitchell,Katherine,Mitchell,"877 Combs Well, Montreal, AB",AB,Montreal,877 Combs Well
RK6D65H6,jlewis@example.org,Standard,Michael Brown,Michael,Brown,"5178 Banks Common Suite 341, Kelowna, BC",BC,Kelowna,5178 Banks Common Suite 341
45T0M8IA,emilyfrazier@example.net,Premium,Kimberly Green,Kimberly,Green,"654 Phillips Well Apt. 619, Sudbury, NL",NL,Sudbury,654 Phillips Well Apt. 619
LJ1Y5H01,davidsoncarrie@example.com,Standard,Nicole Young,Nicole,Young,"3774 Wendy Glen, Fredericton, NT",NT,Fredericton,3774 Wendy Glen
9D6MI1N0,warrenlaurie@example.com,Premium,Dennis Nguyen,Dennis,Nguyen,"199 Danielle Forest, Yellowknife, NT",NT,Yellowknife,199 Danielle Forest
865D3VYB,simpsonmiguel@example.com,Standard,Melanie Cameron,Melanie,Cameron,"228 Robert Mount, Iqaluit, AB",AB,Iqaluit,228 Robert Mount
80UVN04Q,robert07@example.org,Premium,Megan Reyes,Megan,Reyes,"7716 Michael Pass, Charlottetown, AB",AB,Charlottetown,7716 Michael Pass
9KB26M2L,mark39@example.com,Standard,Douglas Luna,Douglas,Luna,"9031 Jones Stream, Halifax, NL",NL,Halifax,9031 Jones Stream
DP90YO14,lisa02@example.net,Premium,Debbie Zimmerman,Debbie,Zimmerman,"10131 John Cliffs, Ottawa, BC",BC,Ottawa,10131 John Cliffs
YQ8G08C7,morrisonleonard@example.com,Premium,Jennifer Rogers,Jennifer,Rogers,"94705 Joan Harbor, Kitchener, AB",AB,Kitchener,94705 Joan Harbor
O8268UGT,janetdavis@example.com,Standard,Joshua Smith,Joshua,Smith,"5436 Spencer Mount Suite 638, Charlottetown, AB",AB,Charlottetown,5436 Spencer Mount Suite 638
DP2C693K,ssmith@example.org,Standard,Charles Lee,Charles,Lee,"984 Raymond Point Suite 549, Ottawa, BC",BC,Ottawa,984 Raymond Point Suite 549
V649IGU5,susan17@example.net,Premium,Sean Wilson,Sean,Wilson,"6956 John Pass, Kelowna, NL",NL,Kelowna,6956 John Pass
1BF16A7O,milesmichael@example.com,Standard,Kristin Hood,Kristin,Hood,"88057 Peterson Fall Apt. 462, Kingston, SK",SK,Kingston,88057 Peterson Fall Apt. 462
U30A95MX,christopher88@example.org,Standard,James Kelly,James,Kelly,"1613 Carr Ridges, Sudbury, MB",MB,Sudbury,1613 Carr Ridges
C467AV9H,freemanjohnny@example.com,Premium,Michelle Drake,Michelle,Drake,"44940 Samuel Hill, Regina, SK",SK,Regina,44940 Samuel Hill
12TYL9K2,turnerdavid@example.org,Premium,Donald Johnson,Donald,Johnson,"9037 Ewing Hill, Oshawa, QC",QC,Oshawa,9037 Ewing Hill
4W2P14FE,donaldcruz@example.com,Premium,Joseph Smith,Joseph,Smith,"68512 Martinez Plaza Apt. 034, Vancouver, BC",BC,Vancouver,68512 Martinez Plaza Apt. 034
T13Q1U5H,juliaray@example.org,Standard,Virginia Walton,Virginia,Walton,"6677 Hamilton Wall, Regina, NB",NB,Regina,6677 Hamilton Wall
XB17X8A6,catherinewillis@example.net,Premium,Stephanie Davis,Stephanie,Davis,"720 Vasquez Rue Apt. 181, Saskatoon, NU",NU,Saskatoon,720 Vasquez Rue Apt. 181
EZ04QJ19,jessica42@example.net,Premium,Cody Raymond,Cody,Raymond,"8098 Nicole Summit Apt. 810, Yellowknife, NS",NS,Yellowknife,8098 Nicole Summit Apt. 810
C1JU680W,allensarah@example.org,Standard,Vincent Williams,Vincent,Williams,"39404 Lindsey Locks Apt. 371, Charlottetown, QC",QC,Charlottetown,39404 Lindsey Locks Apt. 371
CTP3Q944,lbell@example.org,Standard,Taylor Murphy,Taylor,Murphy,"3377 Joseph Coves, Sudbury, BC",BC,Sudbury,3377 Joseph Coves
4TH143XL,williamprice@example.com,Premium,Jason Owens,Jason,Owens,"5474 Christina Isle Suite 593, Winnipeg, NT",NT,Winnipeg,5474 Christina Isle Suite 593
0U21I7CW,brianlee@example.net,Premium,Erica Robinson,Erica,Robinson,"099 Lopez Street Apt. 464, Kitchener, NU",NU,Kitchener,099 Lopez Street Apt. 464
G57M1AO4,fmiller@example.com,Standard,Wanda Shaffer,Wanda,Shaffer,"440 Erin Spring Apt. 066, Edmonton, NL",NL,Edmonton,440 Erin Spring Apt. 066
SD35K83L,laurahale@example.com,Premium,Alicia Le,Alicia,Le,"9871 Marie Station Apt. 076, Whitehorse, QC",QC,Whitehorse,9871 Marie Station Apt. 076
8WNR998P,suzanne59@example.org,Premium,Robert Huang,Robert,Huang,"5014 Antonio Mall Suite 018, Victoria, QC",QC,Victoria,5014 Antonio Mall Suite 018
956HK7ZN,joy93@example.org,Premium,Ryan Bauer,Ryan,Bauer,"82719 May Rest, Halifax, MB",MB,Halifax,82719 May Rest
2M8L9R0Y,michaelmyers@example.net,Standard,Christopher Thomas,Christopher,Thomas,"0737 Hutchinson Plains, Saskatoon, PE",PE,Saskatoon,0737 Hutchinson Plains
983VJ3MA,abigail21@example.org,Premium,Jeremy Hughes,Jeremy,Hughes,"318 Robinson Mountain Apt. 943, Vancouver, ON",ON,Vancouver,318 Robinson Mountain Apt. 943
UA328LH5,lmedina@example.org,Premium,Jay Wilson,Jay,Wilson,"8777 Jesse Forks, Kamloops, NU",NU,Kamloops,8777 Jesse Forks
2SX11HG6,murraygregory@example.org,Standard,William Hunter,William,Hunter,"9693 Griffin Plaza Apt. 013, Toronto, MB",MB,Toronto,9693 Griffin Plaza Apt. 013
4L2L2Y2E,cindysmith@example.org,Premium,Christina Arellano,Christina,Arellano,"706 Jason Field, Nanaimo, AB",AB,Nanaimo,706 Jason Field
H548R4OQ,omendez@example.org,Premium,Roberto Bautista,Roberto,Bautista,"70964 Rebecca Courts, Ottawa, SK",SK,Ottawa,70964 Rebecca Courts
6ZQ508TS,ngarrett@example.com,Standard,Michael Friedman,Michael,Friedman,"54953 Harrison Crescent, Iqaluit, NS",NS,Iqaluit,54953 Harrison Crescent
1P29AUT1,ecruz@example.org,Premium,Brenda Davila,Brenda,Davila,"346 White Pass, Hamilton, ON",ON,Hamilton,346 White Pass
8B0BN8B5,cruzdaniel@example.org,Premium,Timothy Burns,Timothy,Burns,"748 Leslie Parkways Apt. 148, Quebec City, SK",SK,Quebec City,748 Leslie Parkways Apt. 148
K3S5Q0O1,hammondchristina@example.net,Premium,Christopher Rivera,Christopher,Rivera,"70035 Matthew Loaf Suite 563, Winnipeg, SK",SK,Winnipeg,70035 Matthew Loaf Suite 563
1OO8YK89,ybarton@example.org,Premium,Timothy Rogers,Timothy,Rogers,"103 Crawford Haven, Victoria, SK",SK,Victoria,103 Crawford Haven
T95PK9W2,rlong@example.org,Premium,Taylor Robertson,Taylor,Robertson,"4599 Mack Rapid Suite 989, Hamilton, YT",YT,Hamilton,4599 Mack Rapid Suite 989
H338SLQ4,pyoung@example.net,Standard,Douglas Gomez,Douglas,Gomez,"11977 Owen Ramp Apt. 209, Edmonton, NT",NT,Edmonton,11977 Owen Ramp Apt. 209
VO0726QP,victor62@example.org,Standard,James Contreras,James,Contreras,"7233 Richard Falls Suite 069, Kamloops, SK",SK,Kamloops,7233 Richard Falls Suite 069
83Q07PGD,stephensondominic@example.net,Premium,Rodney Petersen,Rodney,Petersen,"5408 David Path, Iqaluit, AB",AB,Iqaluit,5408 David Path
IUV9S180,rebeccasoto@example.com,Standard,Jonathon Lee,Jonathon,Lee,"50303 Jenkins Hollow Suite 650, Kingston, AB",AB,Kingston,50303 Jenkins Hollow Suite 650
64W12CBT,gallegostyrone@example.com,Premium,April Singleton,April,Singleton,"35878 Ware Cliff, Fredericton, NT",NT,Fredericton,35878 Ware Cliff
1RS3M39I,mfowler@example.com,Standard,Kara Cisneros,Kara,Cisneros,"76896 John Vista Apt. 363, Halifax, AB",AB,Halifax,76896 John Vista Apt. 363
Q843YNP1,jonathan08@example.com,Premium,Donna Floyd,Donna,Floyd,"87136 Julie Keys, Halifax, ON",ON,Halifax,87136 Julie Keys
O8322MGO,davidsonheidi@example.com,Premium,Emily Carson,Emily,Carson,"36181 House Station, London, MB",MB,London,36181 House Station
7OKB9F79,lesliehuffman@example.com,Standard,Janice Harrington,Janice,Harrington,"84195 Nelson Flats Suite 761, Charlottetown, AB",AB,Charlottetown,84195 Nelson Flats Suite 761
5IZ7H50A,tanya25@example.org,Premium,Larry Hancock,Larry,Hancock,"632 James Island Suite 151, Winnipeg, NB",NB,Winnipeg,632 James Island Suite 151
ALH1944C,kingkenneth@example.org,Premium,Anna Clark,Anna,Clark,"1709 Nicole Court, Ottawa, NT",NT,Ottawa,1709 Nicole Court
N41WO2S2,rebecca85@example.org,Standard,David Weber,David,Weber,"623 Thompson Mills Apt. 441, Toronto, NT",NT,Toronto,623 Thompson Mills Apt. 441
XX3XI183,halljessica@example.com,Premium,Aaron Adams,Aaron,Adams,"868 Miller Plain, Vancouver, NS",NS,Vancouver,868 Miller Plain
0YAVC192,amanda34@example.com,Standard,Cindy Mclaughlin,Cindy,Mclaughlin,"726 Traci Bridge, Toronto, AB",AB,Toronto,726 Traci Bridge
1SNS635X,jenkinsteresa@example.net,Premium,Kevin Rios,Kevin,Rios,"542 Bowers Springs Apt. 505, Oshawa, ON",ON,Oshawa,542 Bowers Springs Apt. 505
V69X78GN,ehall@example.com,Standard,Carl Jenkins,Carl,Jenkins,"09855 Romero Forges, Quebec City, SK",SK,Quebec City,09855 Romero Forges
R8490AYV,mvincent@example.com,Premium,Darrell Mcdonald,Darrell,Mcdonald,"812 Melissa Tunnel, Sudbury, NU",NU,Sudbury,812 Melissa Tunnel
857JH5GM,jacob48@example.org,Standard,Shelia Johnson,Shelia,Johnson,"78595 Jennifer Lodge Suite 191, Regina, NT",NT,Regina,78595 Jennifer Lodge Suite 191
93F5SIZ8,coxsusan@example.com,Premium,Ronald Jacobs,Ronald,Jacobs,"6471 Mark Stravenue Apt. 794, Vancouver, BC",BC,Vancouver,6471 Mark Stravenue Apt. 794
0SF670LL,harrisamy@example.org,Premium,Juan Conley,Juan,Conley,"093 Robert Spur Suite 298, Montreal, MB",MB,Montreal,093 Robert Spur Suite 298
QW16C16S,clewis@example.net,Standard,Shaun Daniels,Shaun,Daniels,"055 Jean Haven, Quebec City, SK",SK,Quebec City,055 Jean Haven
9BQ27A3E,madisonschultz@example.com,Standard,Patrick Brown,Patrick,Brown,"239 Goodwin Hollow Apt. 135, Vancouver, PE",PE,Vancouver,239 Goodwin Hollow Apt. 135
8MOZ85U5,shawbridget@example.org,Standard,Robert May,Robert,May,"17048 Juan Freeway, Saskatoon, SK",SK,Saskatoon,17048 Juan Freeway
S8I2A8I5,hatfieldangela@example.org,Standard,Robin Jackson,Robin,Jackson,"177 James Ports Apt. 701, Fredericton, BC",BC,Fredericton,177 James Ports Apt. 701
ILK1181E,ashley94@example.net,Standard,Francisco Lewis,Francisco,Lewis,"850 Matthew Spurs, Kitchener, NB",NB,Kitchener,850 Matthew Spurs
7E40HR6P,richardcastillo@example.org,Premium,Hannah Edwards,Hannah,Edwards,"98483 Lawson River, Charlottetown, NB",NB,Charlottetown,98483 Lawson River
9X8W70TP,mthompson@example.org,Standard,Sara Johnson,Sara,Johnson,"598 Hendricks Neck Suite 631, Regina, NB",NB,Regina,598 Hendricks Neck Suite 631
A2SD9G87,owalters@example.org,Premium,Hailey Parsons,Hailey,Parsons,"18398 Jason Turnpike, Charlottetown, PE",PE,Charlottetown,18398 Jason Turnpike
6V6Y5GH9,jennamurphy@example.net,Premium,Tracy Wood,Tracy,Wood,"61803 Powell Glen Suite 556, Charlottetown, MB",MB,Charlottetown,61803 Powell Glen Suite 556
8O8JAP52,angelasharp@example.org,Premium,Debra Serrano,Debra,Serrano,"36439 Jeffrey Spur, Oshawa, SK",SK,Oshawa,36439 Jeffrey Spur
W16I22JU,hnicholson@example.com,Premium,Kiara Booker,Kiara,Booker,"663 Kimberly Summit Suite 662, Abbotsford, NT",NT,Abbotsford,663 Kimberly Summit Suite 662
DS9R73N8,hmurphy@example.net,Standard,Meagan Wilson,Meagan,Wilson,"08572 Harris Hill, Whitehorse, PE",PE,Whitehorse,08572 Harris Hill
7QC9NN49,watkinsstephen@example.org,Standard,Brandy Ramirez,Brandy,Ramirez,"9203 Hebert Knolls, Whitehorse, NB",NB,Whitehorse,9203 Hebert Knolls
OUX2872N,charles30@example.com,Premium,Christine Scott,Christine,Scott,"17959 White Tunnel Apt. 194, Montreal, NS",NS,Montreal,17959 White Tunnel Apt. 194
KE3063DI,vbailey@example.com,Premium,Noah King,Noah,King,"60392 Gonzalez Loaf, Whitehorse, NU",NU,Whitehorse,60392 Gonzalez Loaf
EZ5YW178,jerrymoore@example.com,Premium,Brandon Gay,Brandon,Gay,"43584 Lawson Ville Suite 231, Vancouver, YT",YT,Vancouver,43584 Lawson Ville Suite 231
L66C6F6U,awarren@example.net,Standard,Melanie Miller,Melanie,Miller,"11348 Samantha Dale Apt. 974, Vancouver, NB",NB,Vancouver,11348 Samantha Dale Apt. 974
FJ0Q9L62,matthewbeltran@example.net,Premium,Amy Wilson,Amy,Wilson,"942 Ariel Ways Suite 878, Montreal, MB",MB,Montreal,942 Ariel Ways Suite 878
3A4VNE31,cortezcody@example.org,Standard,Kiara Contreras,Kiara,Contreras,"800 Tate Glen, Kelowna, NU",NU,Kelowna,800 Tate Glen
GH5J4L16,wramos@example.com,Standard,Michael Baker,Michael,Baker,"6563 Megan Mall Apt. 281, Iqaluit, NU",NU,Iqaluit,6563 Megan Mall Apt. 281
K34Z7PT0,dennisangela@example.net,Standard,Sean Arellano,Sean,Arellano,"9111 Heather Park Apt. 145, Montreal, SK",SK,Montreal,9111 Heather Park Apt. 145
B5CI572B,adamschristopher@example.net,Premium,David Johnson,David,Johnson,"91982 Middleton Bypass, Victoria, MB",MB,Victoria,91982 Middleton Bypass
8U4KH5T2,kimberlynelson@example.net,Premium,Seth Stuart,Seth,Stuart,"0251 White Centers, Edmonton, NB",NB,Edmonton,0251 White Centers
0V7JOC66,phillip19@example.com,Standard,James Herrera,James,Herrera,"837 Walker Course Suite 879, London, YT",YT,London,837 Walker Course Suite 879
B5841VIX,greenbrent@example.com,Standard,Michelle Hobbs,Michelle,Hobbs,"73105 Chen Flats, Sudbury, SK",SK,Sudbury,73105 Chen Flats
Q0HP05F2,wrightjohn@example.org,Premium,Maria Dickson,Maria,Dickson,"5536 Victoria Forges Suite 760, Calgary, YT",YT,Calgary,5536 Victoria Forges Suite 760
7TQXU066,andrea12@example.com,Premium,Stacey Pineda,Stacey,Pineda,"24415 Hood Freeway Apt. 436, Kingston, PE",PE,Kingston,24415 Hood Freeway Apt. 436
HS13WA20,katherine32@example.com,Premium,Carla Gonzalez,Carla,Gonzalez,"7844 Pierce Turnpike, Kitchener, NL",NL,Kitchener,7844 Pierce Turnpike
ZN7MN149,marylopez@example.org,Premium,Timothy Reeves,Timothy,Reeves,"1132 Marissa Harbors Suite 837, London, NL",NL,London,1132 Marissa Harbors Suite 837
AN17MJ41,timothy78@example.net,Standard,Cole Zuniga,Cole,Zuniga,"55949 Gavin Route Suite 373, Victoria, QC",QC,Victoria,55949 Gavin Route Suite 373
55U3Y3TM,fbanks@example.org,Premium,Kevin Harrison,Kevin,Harrison,"24416 Eaton Fords, Hamilton, MB",MB,Hamilton,24416 Eaton Fords
6I5P1YI8,denisesmith@example.org,Standard,Carl Moore,Carl,Moore,"08777 Hamilton Crest, Montreal, NU",NU,Montreal,08777 Hamilton Crest
9YY8R75N,smithtodd@example.com,Standard,Lisa Zuniga,Lisa,Zuniga,"63273 Munoz Corners, Winnipeg, NU",NU,Winnipeg,63273 Munoz Corners
3MK73G9G,ymcneil@example.com,Premium,Lauren Gates,Lauren,Gates,"027 Jennifer Via Suite 866, Hamilton, BC",BC,Hamilton,027 Jennifer Via Suite 866
935PASY1,cstuart@example.org,Premium,Jennifer Garner,Jennifer,Garner,"8715 Jessica Locks Suite 444, Whitehorse, QC",QC,Whitehorse,8715 Jessica Locks Suite 444
210CSX2A,cedwards@example.net,Premium,Michael Rodriguez,Michael,Rodriguez,"337 Brian Mission Suite 077, Thunder Bay, MB",MB,Thunder Bay,337 Brian Mission Suite 077
51IMXX55,bradyjohn@example.org,Standard,Matthew Owens,Matthew,Owens,"912 Kyle Mountains, Whitehorse, SK",SK,Whitehorse,912 Kyle Mountains
B72G14WW,owillis@example.com,Standard,Shannon Smith,Shannon,Smith,"269 Roberts Cliffs Apt. 030, Whitehorse, QC",QC,Whitehorse,269 Roberts Cliffs Apt. 030
62RCU6Y9,steveedwards@example.com,Premium,Jeffery Gomez,Jeffery,Gomez,"32376 Martinez Course Suite 574, Fredericton, YT",YT,Fredericton,32376 Martinez Course Suite 574
0B8S6V6H,jennifer88@example.com,Premium,Suzanne Ellis,Suzanne,Ellis,"935 Donna Bypass, Calgary, NB",NB,Calgary,935 Donna Bypass
42Z19KRK,thomaswallace@example.net,Premium,Gordon Mills,Gordon,Mills,"080 Michael Flats Suite 073, Saskatoon, BC",BC,Saskatoon,080 Michael Flats Suite 073
02FA5EE7,dennis51@example.com,Standard,Gregory Riley,Gregory,Riley,"74450 Felicia Union, Saskatoon, ON",ON,Saskatoon,74450 Felicia Union
N2QD4O25,michaelgarcia@example.com,Standard,William Knapp,William,Knapp,"24560 Anderson Road Suite 241, Kamloops, AB",AB,Kamloops,24560 Anderson Road Suite 241
9S3SR33D,award@example.net,Premium,Jose Kline,Jose,Kline,"855 Jesse Loaf, Quebec City, QC",QC,Quebec City,855 Jesse Loaf
4I4MZ6G9,joshuafisher@example.net,Premium,Joshua Morrow,Joshua,Morrow,"51521 Cooke Plain, Sudbury, MB",MB,Sudbury,51521 Cooke Plain
6G46IYJ7,chill@example.net,Standard,Stephanie Miller,Stephanie,Miller,"2657 Michael Keys, Kamloops, SK",SK,Kamloops,2657 Michael Keys
09F65HVY,christina63@example.net,Standard,Christopher Morales,Christopher,Morales,"1189 Christopher Greens, Toronto, NT",NT,Toronto,1189 Christopher Greens
LLL44A31,michael40@example.net,Premium,Raymond Russo,Raymond,Russo,"89402 David Mountains Suite 460, Victoria, NS",NS,Victoria,89402 David Mountains Suite 460
918NX6DI,yolanda19@example.net,Premium,Cody Woods,Cody,Woods,"95244 Nelson Row Apt. 213, Winnipeg, NB",NB,Winnipeg,95244 Nelson Row Apt. 213
NK4683PQ,annagray@example.com,Premium,Samuel Matthews,Samuel,Matthews,"105 Williams Burg, Kelowna, NU",NU,Kelowna,105 Williams Burg
9BA320IK,nanderson@example.com,Premium,David Butler,David,Butler,"834 Chavez Spurs, Vancouver, PE",PE,Vancouver,834 Chavez Spurs
ZC856K2J,richardcollins@example.com,Premium,Heather Fernandez,Heather,Fernandez,"1632 Watson Burgs, Oshawa, YT",YT,Oshawa,1632 Watson Burgs
7Y89HQ5P,chadwall@example.org,Premium,Helen Anderson,Helen,Anderson,"498 Santos Grove, Kingston, AB",AB,Kingston,498 Santos Grove
P9G78R1C,qyoung@example.org,Premium,Amanda Pierce,Amanda,Pierce,"0244 Kiara Mission, Kamloops, YT",YT,Kamloops,0244 Kiara Mission
1E54T4IC,gpittman@example.com,Standard,Rebecca Johnson,Rebecca,Johnson,"302 Richard Trail, Kitchener, NB",NB,Kitchener,302 Richard Trail
4087FDVN,christopheredwards@example.net,Premium,Michelle Carson,Michelle,Carson,"190 Rojas Port, Edmonton, BC",BC,Edmonton,190 Rojas Port
YZ7Q9E33,xryan@example.org,Standard,Kristie Brown,Kristie,Brown,"389 Nicole Glen Apt. 248, Charlottetown, NB",NB,Charlottetown,389 Nicole Glen Apt. 248
2Z8RO3K2,cjimenez@example.net,Premium,Julia Martinez,Julia,Martinez,"3858 Andrea Brook Apt. 446, London, QC",QC,London,3858 Andrea Brook Apt. 446
4W8P8AE8,grantdavid@example.org,Premium,Brett Sanders,Brett,Sanders,"0377 Miller Plains Suite 299, Charlottetown, NS",NS,Charlottetown,0377 Miller Plains Suite 299
3UW958KV,dana80@example.net,Premium,Elizabeth Garcia,Elizabeth,Garcia,"11012 Sandra Fork Suite 678, Edmonton, YT",YT,Edmonton,11012 Sandra Fork Suite 678
3PZ0JJ49,harveyjustin@example.com,Premium,Kelsey Fletcher,Kelsey,Fletcher,"2151 Evan Corner, Regina, YT",YT,Regina,2151 Evan Corner
6C065DYK,ewang@example.net,Standard,Andrea Wells,Andrea,Wells,"0180 Tammy Station Suite 166, Whitehorse, QC",QC,Whitehorse,0180 Tammy Station Suite 166
1YB58A0T,mark43@example.net,Premium,Juan Weeks,Juan,Weeks,"34475 Megan Viaduct, Kamloops, NU",NU,Kamloops,34475 Megan Viaduct
F97O2X7I,edavis@example.com,Premium,David Perez,David,Perez,"484 Simmons Divide Apt. 214, Yellowknife, YT",YT,Yellowknife,484 Simmons Divide Apt. 214
163GB7JV,phillip08@example.org,Standard,Joshua Allen,Joshua,Allen,"977 Nelson Ferry, Ottawa, BC",BC,Ottawa,977 Nelson Ferry
35QR6L6D,nwood@example.com,Standard,John Smith,John,Smith,"345 Jose Islands Apt. 717, Kingston, NU",NU,Kingston,345 Jose Islands Apt. 717
